David Bier,@David_J_Bier,"@CatoInstitute Immigration Studies. Cato, not CATO. ""Beer,"" not Buyer. Libertarian. "
Greg Siskind,@gsiskind,"Immigration lawyer with 1st website, blog & AI apps. Authored 8 books. ABA Law Practice Mag columnist.  http://Disclaimer-bit.ly/3EEsGGI"
Rohit Sharma,@DcWalaDesi,"Covering White House| State Department | Pentagon| Bylines- Dainik Bhaskar | Guest contributor BBC, AajTak, TimesNow, IndiaToday, ZeeNews, Republic, TV9 Network"
Curtis Morrison,@curtismorrison,"Immigration attorney focused on mandamus litigation. Accepting new clients. Licensed in California and Washington, DC. https://telegram.im/@curtisatlaw"
Green Card Backlog Coalition,@GCBCoalition,We are a coalition of individuals in the employment green card backlog advocating to pass the Equal Access to Green cards for Legal Employment Act - H.R.3648.
Homeland Security,@DHSgov,"With honor and integrity, we will safeguard the American people, our homeland, and our values. #WeAreDHS, led by @SecMayorkas and @DepSecTien."
Ellen M. Gilmer,@ellengilmer,Homeland security reporter for Bloomberg Government @bgov | @guildatBIG member | egilmer@bloomberg.net
Kia @ Back of the ,@kiabms5,"Follow me in the fight for equality. This way my messages will reach you.
Find shareable content related to our struggle at https://GreencardUS.org"
H1bian,@SriGaussian,"About nationality discrimination in EB visa allocation and dehumanization of H1B workers. Life, liberty, and the pursuit of happiness. (Formerly MythBuster)"
CBP,@CBP,U.S. Customs and Border Protection (CBP) is charged with securing our nation's borders & facilitating lawful international travel & trade.
Charles Kuck,@ckuck,"Immigration Lawyer, Law Professor, Advocate for Immigrants and Immigration Reform. Find me on Mastadon @chuckk@toot.community or Post @CharlesKuck"
National Immigration Forum,@NatImmForum,"We work with community leaders across the country to advocate for immigration reform that works for all of us.
Support our work: https://bit.ly/eoy22_tw"
Ajay Manchanda,@BaldwinSpeaks,Refuse to tolerate discrimination. Engaged in struggle to repeal national origin based country caps in immigration. Was previously @ustechworker
#SaveDiversityVisa ,@sDiversityVisa,"We are humans, not just case numbers!"
Suzanne Monyak,@SuzanneMonyak,"Reporter covering immigration & homeland security @CQnow/@rollcall. Proud Georgetown alum, Georgia native. Send me tips: suzannemonyak@cqrollcall.com"
Aaron Reichlin-Melnick,@ReichlinMelnick,"Policy Director at @immcouncil. Formerly immigration lawyer at @LegalAidNYC through @IJCorps. In case of Twitter collapse, @ReichlinMelnick@mastodon.social"
Cyrus Mehta,@cyrusmehta,"US Immigration Attorney, Owner of Immigration Law Firm, Blogger, Speaker, Adjunct Professor."
BritSimon,@BritSimonSays,"Providing Expert DV Lottery information since 2013! Blogger at http://BritSimonSays.com. Not a lawyer, don't want to be one and not giving legal advice."
Shawn VanDiver ,@shawnjvandiver,"â€œaggressive friendâ€, â€œnot much of a heads up guyâ€, â€œseems sharper than necessaryâ€ talking Afghanistan, vets, tourism, natsec, & local gov. #AfghanEvac he/him"
Lark Abroad,@Larkabroad,Silence is complicity Tweets â‰  legal advice Handler for the @FletcherEvac
Larry J Bledsoe lll,@LarryJB44114412,NO BIO FOUND
ola,@olakwaik2016,"Palestinian and Proud 
College Student"
Alberto Muller,@AlbertoMuller19,NO BIO FOUND
Sharma Saab,@SharmaS17189148,"baman
PB08 wale
believe in karma
mere rabb mere maape
aim to achieve my goals,my aims
that tym have to go with us instead of we have to go with the tym"
Bilou Desir,@DesirBilou,NO BIO FOUND
GaitÃ¡nCÃ¡ceres,@GaitanCaceres1,Firma de abogados con mÃ¡s de 30 aÃ±os de experiencia en el Ã¡rea de Derecho Laboral y Seguridad Social.
Keshav,@KeshavPingulkar,Food for soul
Allan Wernick,@awernick,"Immigration law columnist, NY Daily News and Al Dia Dallas;  Professor Baruch College, CUNY  Send questions to questions@allanwernick.com"
Sean Brun,@SeanBrun5,Purement haÃ¯tien
"Marc Eid, MD, MSc",@marc_eid,Postdoctoral GU Oncology Research Fellow @DanaFarber #FreedmanLab | MD '22 @USJliban | MSc '21 - Cancer Metabolsim @USJliban | #ASCOTrainee
St cyr,@stcyresdras,NO BIO FOUND
Austin,@Austin_Caffery,NO BIO FOUND
LIMA CHARLIE NEWS | WORLD,@LimaCharlieNews,"Global news, featuring insight & analysis by military veterans, intelligence professionals & foreign policy experts Worldwide | tips@limacharlienews.com"
Hadeel,@MeetHadeel,Community Builder | Connector | Mentor #worplaceTech #futureofwork #HRtech
Shikha Gupta,@Shikha_Gupta68,Research Fellow @DanaFarber @harvardmed| Interested in biology of rare kidney tumors | Biologist who codes | prev:@Cambridge_Uni @iitdelhi @DCEAlumni
BALAMURUGAN TAMILMANI,@balatamilmani,NO BIO FOUND
Brad Soules,@bradsoules10,"Father, Supporter, Student of Life"
Khent Lord Hathaways Pearson Specter Morningstar,@klgklhpsm999,secret
Beyza,@wants_usa,NO BIO FOUND
Shadab Azizi,@ShadabAzizi12,NO BIO FOUND
Amaury Diaz,@amalorenzo4,Perseverant !
Bassel Hammoud,@BasselHammoudMD,Postdoctoral Research Fellow @ClevelandClinic | MDâ€™20 MSâ€™22 Biomedical Engineering - AI & Machine Learning for Medicine | Aspiring Ophthalmologist
le jocker,@negritude3610,NO BIO FOUND
ğ†ğ¨ğ©ğ¢ ğ‚ğ¡ğ¨ğ®ğ¡ğšğ§@ğ’.,@GopichouhanS,"Iâ€™m a freelancer,Iâ€™ve worked with some great clients.Omnilegent,CoffeeDrinker,LoveFood,Fashion,Business,Meditation,Motivation & Fitness."
Danny nshaija,@Dannynshaija2,NO BIO FOUND
Renee Maria Saliby,@ReneeSaliby,"Postdoctoral GU Oncology Research Fellow @DanaFarber | MD '2021, MSc '2019 @USJLiban "
B,@vinamie,NO BIO FOUND
Jim,@Jim59620435,NO BIO FOUND
HATTaN,@22_moory,NO BIO FOUND
la fuerza Etienne,@EtienneMerole,Somos africanos 
Eduardo RodrÃ­guez,@Eduardo23195743,NO BIO FOUND
I'm going to be your ghost story,@ThomasW15976777,NO BIO FOUND
timelessjosh,@timelessjosh2,NO BIO FOUND
Yemane Hadush,@YemaneHadush3,"https://linktr.ee/GezaTegaru?utm_source=linktree_profile_share&ltsid=c4c56194-f1dd-488d-bd5b-e287f62eace0â€¦

stand with humanity, I love you tigray"
Atheist,@devil69546243,communist
DILPREET,@dilmay1990,NO BIO FOUND
Lina Dorado,@KatyAlv48114977,"â€¢AtrÃ©vete a sentir  
â€¢ VIAJES  
â€¢ Primero la familia  
â€¢ Artista  
â€¢ PsicologÃ­a "
ramÃ³n Eli guerrero,@ramn_eli,
S H,@5257ss,NO BIO FOUND
ğ—¦ğ—µğ—®ğ—µğ—®ğ—¿ğ˜†ğ—®ğ—®ğ—¿ ğ—¡ğ—²ğ˜‡ğ—®ğ—º,@thesnp_official,ğ—ªğ—¼ğ—¿ğ—¹ğ—± ğ—˜ğ˜…ğ—½ğ—¹ğ—¼ğ—¿ğ—²ğ—¿ | ğ—›ğ—¼ğ˜ğ—²ğ—¹ğ—¶ğ—²ğ—¿ | ğ—£ğ—µğ—¼ğ˜ğ—¼ğ—´ğ—¿ğ—®ğ—½ğ—µğ—²ğ—¿ | ğ—¦ğ—¼ğ—°ğ—¶ğ—®ğ—¹ ğ— ğ—²ğ—±ğ—¶ğ—® ğ—œğ—»ğ—³ğ—¹ğ˜‚ğ—²ğ—»ğ—°ğ—²ğ—¿ | ğ—¦ğ˜ğ—¼ğ—¿ğ˜†ğ˜ğ—²ğ—¹ğ—¹ğ—²ğ—¿
shufalove,@shufalove,NO BIO FOUND
Noah  Awer,@awer_noah,"CEO of Newcreation Group of Companies,Entrepreneur, Business minded, Philanthropist."
Adel Hajj Ali,@Adel_Hajj_Ali,"Research Fellow @ClevelandClinic |
MD '21 @AUB_Lebanon | 
Mamba Mentality "
Samuel Official,@Samue_Official,NO BIO FOUND
Sayed Mohammad Rahim Banori,@BanoriSayed,NO BIO FOUND
trina,@Mizztook,â€œKnow who you are & do it on purpose.â€
Hiro Suda,@hirosuda,Born  and 5yrs   Machine Learning and Cooking Practitioner
Moore,@limu0524,Moore
Eslan Martin,@EslanMartin,Dj Producer of EDM music
Hadi Kenarangi,@hkenarangi,"Ph.D. Structural and Earthquake Engineering, P.E., M.ASCE, CAE Lead"
Mohammad Etesami,@m_etesami,Postdoc Fellow- Electrocatalysis
@SymaShimme,@SymaShimme1,Live lifelove life
"Habib Layoun, MD MSc",@habib_layoun,Postdoctoral research fellow - Cardiovascular Imaging @Clevelandclinic | Keyboardist/pianist | @FCBarcelona fan | 
Pulkit,@Pulkit41570393,NO BIO FOUND
Anas Najjar,@carpenter108,NO BIO FOUND
chad fox,@legalcaliber,#America #Faith #PublicAffairs
Diego,@Diego28616976,NO BIO FOUND
Pradeep chandana Abeyrathne (Roba),@PradeepRoba,"Pradeep chandana (Roba)
29.06.1990"
JOE BLESSINGS,@psalmsgood,"Ministebr of the gospel,and champion in developing global business leadership opportunities."
Muhammad Saad,@Muhamma17444727,NO BIO FOUND
SUN,@Bhareh_Sedaghat,NO BIO FOUND
Já´‡ssÉªá´„á´€ CÊ€á´œá´¢,@jesscruzptrp,"ğ’²ğ’½ğ’¶ğ“‰ğ‘’ğ“‹ğ‘’ğ“‡ ğ“Œğ’¾ğ“ğ“ ğ’·ğ‘’, ğ“Œğ’¾ğ“ğ“ ğ’·ğ‘’. "
Yash,@YashTweetzz,NO BIO FOUND
888 (BreakHeart) Inaugural,@JoceTheCat,94kb | @Government Support Security Sourced by Security kit Update V32.22.1 V1.4.1 For Add On | Applications Notices Kit and Adds Additional Security To Account
Senthilkumar R,@Senthil_2023,NO BIO FOUND
Mr Crypto,@waseh110,Crypto Account
Gabriel Zaim,@gabriel_zaim,NO BIO FOUND
shawn LeRoy Stephens,@shawnLeRoyStep9,Perm dis 76 serv Conn  us army dod member 1162549983 10-1-79  us dept va reg Ben adm file 54 0 5038 28 2 142 item 96-513 awaiting for dfas us army pension
Ashahnawaz87,@Ashahnawaz871,NO BIO FOUND
Nikola Holoiz,@HoloizN,Enlightened master
Amarnath à²¬à²¿à²à²‚,@amarnath1696,Tweets are my own views.
Benito,@BernPLA,EngMind
Sadia Sayed,@rona_sadia,NO BIO FOUND
eldonivek,@eldonivek,NO BIO FOUND
Dr. Joseph,@DrJosep64160498,NO BIO FOUND
Mustafa Talay,@mztalay,personal mementos
Tommy Hsu,@tommytextile,Professional baby bedding manufacturer for more than 15 years
Precier AndrÃ© Jamesley,@DrPrecierAndre,"Medecin  
Homme d'affaire
Socialiste
Youtuber
NationalitÃ© HaÃ¯tienne"
Carl Sandra,@michou008,NO BIO FOUND
Lener Ormene,@Lenerormen,Yo soy trabajador:;Bisnismen
Faiza Ibrahimi,@FAbrahemi,"PhD student at @PbiUniPatiala
 MA @JaindeemedtbUnV 
,Peace Journalism Diploma @OSLOMET,
journalist @DaRadioAzadi
@codetoinspire"
Kenel L'auditeur financier ,@Aspiran48733801,"Gestionnaire ,Analyste financier"
Poya Hashimi,@HashimiPoya,"Afghanistan International Journalist 

former National Advisor to Command-North at Resulote Support Mission (Afghanistan)"
BK,@BKGray1040,NO BIO FOUND
Alberto FernÃ¡ndez R,@albrtfr,NO BIO FOUND
Christian JÃ©rÃ´me,@ChrisPath95,#Juriste #Gestionnaire. #UNDH.. Lecture #Musique
"BELTON Junior Chenet, PHARM",@BeltonChenet,NO BIO FOUND
"Rutu Rathod, PhD, MPH, MBBS",@RutuARathod,Epidemiologist | Postdoctoral Researcher @utswosph | Views my own
pedro contreras,@consinocho,humildad
nuan,@nuan2022,NO BIO FOUND
RSB,@sureshbabu734,I am an Indian.JAI HIND
takapods(à¹‘ï½¥Ì‘â—¡ï½¥Ì‘à¹‘) @2022SEPâ†’æœ¬å¸°å›½ã—ã¾ã—ãŸ,@takapods,NO BIO FOUND
Jeje,@HoneyedSucrose, Daughter ofGod  Family first  BON ENÃˆJI FanmSeLavi
Christine,@christ_mars,NO BIO FOUND
Henrry & Karen,@hykarevalo, OHANA 
Wenfry Martinez,@WenfryMartinez,NO BIO FOUND
Ø³ÙØ±ØªÙÙ‚Ù€Ù€Ù’,@Iransoldier2,ØªÙˆÙ¾ ØªØ§Ù†Ú© ÙØ´ÙØ´Ù‡ Ø¢Ø®ÙˆÙ†Ø¯ Ø¨Ø§ÛŒØ¯ Ú¯Ù… Ø¨Ø´Ù‡
le chat sceptique,@SceptiqueChat,NO BIO FOUND
Jamshid Abulfazly,@ABULFAZLI7,NO BIO FOUND
D A W,@masturkillerz,Ethical Hacker
Rosalvo Bobo infos,@BonhommeValens,"EtudiÃ© Ã  L'ISNAC (Journaliste sportif, PrÃ©sentateur ,Communicateur Social, Reporteur , Animateur Ã€ Radio sans Fin (RSF ) , EtudiÃ© Ã  UEH (Agronomie)."
BL Chen,@BL_CHEN1994,NO BIO FOUND
Alejandro Jimenez,@jimenez__usa,NO BIO FOUND
Trey Gibson,@Wizard_Nigger,NO BIO FOUND
Sarah Turner,@SarahTu78089455,kindness
Ø·ÙˆÙØ§Ù† ØµØ­Ø±Ø§(ØºØ²Ù†Ù‡),@Habibul71211474,"Ù‡Ù…Ù‡ Ú©Ø§Ø® Ù†Ø´ÛŒÙ†Ø§Ù† ØªØ±Ø³Ù†Ø¯ Ø² Ø­Ø§Ø¯Ø«Ù‡ ÛŒÛŒ ØŒ*
Ù…Ø§ Ø®Ø§Ù†Ù‡ Ø¨Ø¯ÙˆØ´Ø§Ù† Ø±Ø§ ØºÙ… Ø³ÛŒÙ„Ø§Ø¨ Ù†ÛŒØ³Øª"
Chakrapani,@Chakrapanigolla,NO BIO FOUND
Val,@valerie61555197,NO BIO FOUND
pradeep agrawal,@aadipradeep,NO BIO FOUND
FashionBeatz,@prodbyfashion,Producer-BeatMaker & RapperBook:lilsonncollens@gmail.com
Kaiser mahmood,@mahmoodkaiser,NO BIO FOUND
Samr Be,@SammarBee,NO BIO FOUND
â·,@danjkla,NO BIO FOUND
Roberto Calefi,@CalefiRoberto,NO BIO FOUND
Fulya ,@fulyacendik,"Next time? There will be no next time
 
            
ğ™ğ™£ğ™¨ğ™©ğ™–ğ™œğ™§ğ™–ğ™¢: ğ™›ğ™ªğ™¡ğ™®ğ™–ğ™˜ğ™šğ™£ğ™™ğ™ğ™ "
Evelyn Parker,@EvelynPealr099,NO BIO FOUND
agarrÃ³ fuego la milpa podcast,@4edwinlopez,el twitter del PODCASTS AgarrÃ³ fuego la milpa sÃ­guenos y no te pierdas ningÃºn episodio
Dev Mandalia,@DevMandalia,NO BIO FOUND
Luiz Sobrinho ,@obetothebeto,
Jahmal Travis,@s_chrisphotos,NBA Musique ActualitÃ©s de la technologie ActualitÃ©s scientifiques Basket-ball Jeux Films Incroyable Art Style Photos IntÃ©ressantes ActualitÃ©s Internationales
John Smith,@JohnSmi98091951,NO BIO FOUND
Venuvardhan Sama,@samavenu,NO BIO FOUND
Alejandro,@Alejandro_T,NO BIO FOUND
Fardeen Muhammad,@FardeenMuhamma5,NO BIO FOUND
Kleo Kahrer,@KahrerKleo,NO BIO FOUND
William Thompson,@Williamflex4,NO BIO FOUND
Jashan singh,@jashan_2611,NO BIO FOUND
Gaurav Mahajan,@imMahajanG,Keep Inspiring 
Said Osman,@abusalmaan03,NO BIO FOUND
BarbieSpace9 TeslaBarbie,@dateTampaAngel,In the process of learning to become an Advocate for Humanity. People never stop in their growth process and can always become a better person. SpaceX Fan girl
Imran Ahmed Sheikh,@ImranAhmed300,Graduate Bridge Engineer | Structural Engineer
kalyan,@kalyan76063336,NO BIO FOUND
Jeffrey Boucek,@web_boucek,"Making life more Efficient and ProductiveTime & Asset Management help for: potential investors, Career minded individuals, The retirement Lifestyle "
Ms Gee,@Adrian94992632,I grind my hustle. Every day is another dollar 
Ruby,@heyitisruby,"strategy @ venture facility for public benefit
art-loving, humor-appreciating, impact investing enthusiast. 
views are my grandma's."
TAP,@QuebecoiseTAP,NO BIO FOUND
Florangel Abreu,@FlorangelAbreu1,NO BIO FOUND
Queen Jennifer L. Bertrand,@Jennife90403173,I have stage 2A kidney failure and only one Kidney!!!
Servidson,@Servidson85,NO BIO FOUND
Walter White,@iamthedangerwwh,Uno mÃ¡s en este mundo
Viru,@Viru74080322,NO BIO FOUND
Genese ceracusgenese89@gmail.com,@ceracusgenese89,",I'm haitian"
ali guhad,@aliguhad2,NO BIO FOUND
Brian Powalski,@BrianPowalski6,NO BIO FOUND
å€”å¼ºçš„éŸ­èœ,@Xiaoxiongmao66,æºæ‰‹è®°å½•ä¸€è·¯åŒ—ä¸Šçš„ç‚¹ç‚¹æ»´æ»´ã€ä»¥å‰çš„å·è¢«å°.ç”µæŠ¥ï¼š@jiucai789
Simran Virk,@SimranV1313,NO BIO FOUND
Renato Camera,@renatocamera,NO BIO FOUND
romeo sin julieta ,@noexistenl,AsÃ­ que... sean bienvenidos a mi alma
TomMath,@huskzzian,NO BIO FOUND
OFFICIER Lieutemente Loody Nouezder JusmÃ©,@nouezder,"CHAPLAINS POLICE IN SERVICE NATIONAL ET INTERNATIONAL CIA, 911."
monicana,@mnchnn,NO BIO FOUND
Ikram Ullah Ahmadi,@ikramahmadi123,NO BIO FOUND
Yash Patel,@YashPat09399565,NO BIO FOUND
Sami Ch,@samich33,Associate producer at 24news & city42
Sereana Masitabua Roden,@SereanaRoden,NO BIO FOUND
Gulden T Cosslett,@GuldenTC,Passionate about global development & gender equality.         Formerly with @UNDP @UNWomen @UN
Jacques LandÃ¡zuri Wiets,@jacqueslawiets,NO BIO FOUND
Luvianka Ruiz,@Ruiz1Luvianka,NO BIO FOUND
Princess Aurora ,@aurora_divva,"âœ=â™¡ | Cybersecurity & PM | Powerlifter | Fitness Coach | 
IG/TikTok: rorafit
#blacktechtwitter #womenintech #womenincyber #gwpl"
jules,@jules36363041,NO BIO FOUND
rony,@ronyMMXXI,NO BIO FOUND
Rachit Khare,@RachitVKhare,NO BIO FOUND
Ruggery G. Guerrier,@ruggy093,"Leo â€¢  How others see U is not important, how U see yourself means everything "
Ashish Kumar,@AshishK12329798,NO BIO FOUND
Kaushik Subramanyan,@1837bf34dc6f429,NO BIO FOUND
Hey! I just tweeted,@syammanu,Latest news about everything
Quinn Amber,@QuinnAmber_,Beauty Expert  Mentor  Model  Impacting & Changing Lives.FL #Market Mento
SidLeb,@sid_leb,NO BIO FOUND
Srinivas Pothala,@spothala,NO BIO FOUND
Sayed Omar,@SayedOmar786,"getting value to peace in society,"
North Coast News Network,@NorthCoastNwsNt,We at North Coast News Network  believe strongly in supporting and defending THE Constitution of the United States of America. We truth test all articles!
HOVEX_TOOLS ,@Hovex_tools,"Contact us for everything about scam and more. We have
eyes on everything and everyone. Just trying to make
the world a better place."
The Weekend Stoic,@TheWeekendStoic,"Lawyer, home cook, political junkie, and amateur Stoic. On a mission to civilize."
M. Ismail Shafi MD,@muhammadismails,"Pulmonary/Critical Care MD. Striving for excellence in Medicine. Humanity first, Democrat, proud Pakistani. God bless "
iqbal husainkhail,@iqbalhusainkh11,NO BIO FOUND
AdonaÃ¯ RaphaÃ«l,@adonairaphael1,"Je suis Journaliste, Ã©tudiant en mÃ©decine dentaire"
 Regina,@Reg_banna,NO BIO FOUND
cronicasnews,@cronicasnews,NO BIO FOUND
J Scott Bell,@J_Scott_Bell_JD,Litigator with over 30 years of experience
hamid mohammadi,@hamid_mg,NO BIO FOUND
Emin Yasemin,@EminYasemin1,NO BIO FOUND
Dominique,@pompydorissain1,Dominique
Hay,@spanish_pear,Truth has no secrets
Il Grande Padrino,@LaConsigliere1,Muslim. True Blue. Rossonero.
Daylee,@Daylee95661,NO BIO FOUND
Dieuguens milson mexil,@MilsonMexil,NO BIO FOUND
business shaper,@ShaperBusiness,NO BIO FOUND
cubano,@regomo2014,"Cubano de corazon y mente, con ganas de cambio para en mi pais y mi gente, amante de la libertad de expresion, VIVA CUBA LIBRE"
Kelly Galisteu,@galisteu_k,NO BIO FOUND
Pratik Zingade,@maverickzing,"TechoFreak, Trekker, Cyclist, Music fanatic, Gooner.
Punekar and a Proud Indian!!!
Victoria Concordia Crescit.
Bay Area"
Sharmin Abdullah,@SharminAbdullah,"Computational Material Researcher | Studying crystal structure, defects and interfaces of solar cell materials."
Hyppolite StÃ©phanie,@stphhyppolite,NO BIO FOUND
Rohan Chacko,@rchacko23,NO BIO FOUND
nobody,@touniversewith1,NO BIO FOUND
Yogesh Basediya,@basediyayogesh,NO BIO FOUND
Jose gregorio,@elpool2030,NO BIO FOUND
valcin rodelin jr (Natif on Club House),@rodelinv1,"specialisation in Sales and Advertising Entrepreneur Ceo Global Market,major movement:Viv Ansanm Aysyen100%"
